1 Corinthians,1,1,2,3,4,5,6,7,8,9,10,11,12,13,14,15,16,17,18,19,20,21,22,23,24,25,26,27,28,29,30,31
1 Corinthians,2,1,2,3,4,5,6,7,8,9,10,11,12,13,14,15,16
1 Corinthians,3,1,2,3,4,5,6,7,8,9,10,11,12,13,14,15,16,17,18,19,20,21,22,23
1 Corinthians,4,1,2,3,4,5,6,7,8,9,10,11,12,13,14,15,16,17,18,19,20,21
1 Corinthians,5,1,2,3,4,5,6,7,8,9,10,11,12,13
1 Corinthians,6,1,2,3,4,5,6,7,8,9,10,11,12,13,14,15,16,17,18,19,20
1 Corinthians,7,1,2,3,4,5,6,7,8,9,10,11,12,13,14,15,16,17,18,19,20,21,22,23,24,25,26,27,28,29,30,31,32,33,34,35,36,37,38,39,40
1 Corinthians,8,1,2,3,4,5,6,7,8,9,10,11,12,13
1 Corinthians,9,1,2,3,4,5,6,7,8,9,10,11,12,13,14,15,16,17,18,19,20,21,22,23,24,25,26,27
1 Corinthians,10,1,2,3,4,5,6,7,8,9,10,11,12,13,14,15,16,17,18,19,20,21,22,23,24,25,26,27,28,29,30,31,32,33
1 Corinthians,11,1,2,3,4,5,6,7,8,9,10,11,12,13,14,15,16,17,18,19,20,21,22,23,24,25,26,27,28,29,30,31,32,33,34
1 Corinthians,12,1,2,3,4,5,6,7,8,9,10,11,12,13,14,15,16,17,18,19,20,21,22,23,24,25,26,27,28,29,30,31
1 Corinthians,13,1,2,3,4,5,6,7,8,9,10,11,12,13
1 Corinthians,14,1,2,3,4,5,6,7,8,9,10,11,12,13,14,15,16,17,18,19,20,21,22,23,24,25,26,27,28,29,30,31,32,33,34,35,36,37,38,39,40
1 Corinthians,15,1,2,3,4,5,6,7,8,9,10,11,12,13,14,15,16,17,18,19,20,21,22,23,24,25,26,27,28,29,30,31,32,33,34,35,36,37,38,39,40,41,42,43,44,45,46,47,48,49,50,51,52,53,54,55,56,57,58
1 Corinthians,16,1,2,3,4,5,6,7,8,9,10,11,12,13,14,15,16,17,18,19,20,21,22,23,24
2 Corinthians,1,1,2,3,4,5,6,7,8,9,10,11,12,13,14,15,16,17,18,19,20,21,22,23,24
2 Corinthians,2,1,2,3,4,5,6,7,8,9,10,11,12,13,14,15,16,17
2 Corinthians,3,1,2,3,4,5,6,7,8,9,10,11,12,13,14,15,16,17,18
2 Corinthians,4,1,2,3,4,5,6,7,8,9,10,11,12,13,14,15,16,17,18
2 Corinthians,5,1,2,3,4,5,6,7,8,9,10,11,12,13,14,15,16,17,18,19,20,21
2 Corinthians,6,1,2,3,4,5,6,7,8,9,10,11,12,13,14,15,16,17,18
2 Corinthians,7,1,2,3,4,5,6,7,8,9,10,11,12,13,14,15,16
2 Corinthians,8,1,2,3,4,5,6,7,8,9,10,11,12,13,14,15,16,17,18,19,20,21,22,23,24
2 Corinthians,9,1,2,3,4,5,6,7,8,9,10,11,12,13,14,15
2 Corinthians,10,1,2,3,4,5,6,7,8,9,10,11,12,13,14,15,16,17,18
2 Corinthians,11,1,2,3,4,5,6,7,8,9,10,11,12,13,14,15,16,17,18,19,20,21,22,23,24,25,26,27,28,29,30,31,32,33
2 Corinthians,12,1,2,3,4,5,6,7,8,9,10,11,12,13,14,15,16,17,18,19,20,21
2 Corinthians,13,1,2,3,4,5,6,7,8,9,10,11,12,13,14
